{
  "type": "object",
  "objectId": "IngredientsMetaData",
  "backgroundImage": {
      "contentDescription": null,
      "smallSourceUrl": null,
      "largeSourceUrl": null,
      "sources": [
          {
              "url": "https://d2o906d8ln7ui1.cloudfront.net/images/LT1_Background.png",
              "size": "small",
              "widthPixels": 0,
              "heightPixels": 0
          },
          {
              "url": "https://d2o906d8ln7ui1.cloudfront.net/images/LT1_Background.png",
              "size": "large",
              "widthPixels": 0,
              "heightPixels": 0
          }
      ]
  },
  "title": "Ingredients",
  "logoUrl": "https://raw.githubusercontent.com/cbonoz/amznfire19/master/img/side_cook_white.png"
}