{
    "interactionModel": {
        "languageModel": {
            "invocationName": "side cook",
            "intents": [
                {
                    "name": "SearchIntent",
                    "slots": [
                        {
                            "name": "Food",
                            "type": "AMAZON.Food"
                        }
                    ],
                    "samples": [
                        "recipe of {Food}",
                        "search for {Food}",
                        "search for {Food} recipes",
                        "Find {Food} recipes",
                        "{Food} recipes",
                        "search {Food} recipes",
                        "{Food} recipe"
                    ]
                },
                {
                    "name": "SelectRecipeIntent",
                    "slots": [
                        {
                            "name": "Recipe",
                            "type": "AMAZON.Food"
                        },
                        {
                            "name": "RecipeNumber",
                            "type": "AMAZON.NUMBER"
                        }
                    ],
                    "samples": [
                        "select the {RecipeNumber} recipe",
                        "launch the {RecipeNumber} recipe",
                        "select {RecipeNumber} recipe",
                        "launch {RecipeNumber} recipe",
                        "start {RecipeNumber} recipe",
                        "start {Recipe}",
                        "select {Recipe}",
                        "launch {Recipe}",
                        "i want {Recipe}"
                    ]
                },
                {
                    "name": "IngredientIntent",
                    "slots": [],
                    "samples": [
                        "list the ingredients",
                        "what are the ingredients",
                        "ingredient",
                        "ingredients",
                        "show me the ingredients"
                    ]
                },
                {
                    "name": "SelectStepNumberIntent",
                    "slots": [
                        {
                            "name": "StepNumber",
                            "type": "AMAZON.NUMBER"
                        },
                        {
                            "name": "StepNumberOrdinal",
                            "type": "AMAZON.Ordinal"
                        }
                    ],
                    "samples": [
                        "{StepNumberOrdinal} step",
                        "go to the {StepNumberOrdinal} step",
                        "Step {StepNumber}",
                        "Go to step {StepNumber}"
                    ]
                },
                {
                    "name": "AMAZON.CancelIntent",
                    "samples": []
                },
                {
                    "name": "AMAZON.StartOverIntent",
                    "samples": [] 
                },
                {
                    "name": "AMAZON.HelpIntent",
                    "samples": []
                },
                {
                    "name": "AMAZON.StopIntent",
                    "samples": []
                },
                {
                    "name": "AMAZON.MoreIntent",
                    "samples": []
                },
                {
                    "name": "AMAZON.NavigateHomeIntent",
                    "samples": []
                },
                {
                    "name": "AMAZON.NavigateSettingsIntent",
                    "samples": []
                },
                {
                    "name": "AMAZON.NextIntent",
                    "samples": []
                },
                {
                    "name": "AMAZON.PageUpIntent",
                    "samples": []
                },
                {
                    "name": "AMAZON.PageDownIntent",
                    "samples": []
                },
                {
                    "name": "AMAZON.PreviousIntent",
                    "samples": []
                },
                {
                    "name": "AMAZON.RepeatIntent",
                    "samples": []
                },
                {
                    "name": "AMAZON.ScrollRightIntent",
                    "samples": []
                },
                {
                    "name": "AMAZON.ScrollDownIntent",
                    "samples": []
                },
                {
                    "name": "AMAZON.ScrollLeftIntent",
                    "samples": []
                },
                {
                    "name": "AMAZON.ScrollUpIntent",
                    "samples": []
                },
                {
                    "name": "InstructionIntent",
                    "slots": [],
                    "samples": [
                        "read the instructions",
                        "read me the instructions",
                        "list the instructions",
                        "list instructions",
                        "what are instructions",
                        "what are the instructions",
                        "start cooking",
                        "start cooking instructions",
                        "start instructions",
                        "start the instructions",
                        "start the recipe"
                    ]
                }
            ],
            "types": []
        }
    }
}